radius;freque
0.5336699;0
0.6135907,0